<?xml version="1.0" encoding="UTF-8"?>
<export version="E">
  <design>
    <source>C:\Users\mzimm\Desktop\OpenSpritzer2\OpenSpritzer2.kicad_sch</source>
    <date>09/05/2023 00:42:33</date>
    <tool>Eeschema (6.0.4)</tool>
    <sheet number="1" name="/" tstamps="/">
      <title_block>
        <title/>
        <company/>
        <rev/>
        <date/>
        <source>OpenSpritzer2.kicad_sch</source>
        <comment number="1" value=""/>
        <comment number="2" value=""/>
        <comment number="3" value=""/>
        <comment number="4" value=""/>
        <comment number="5" value=""/>
        <comment number="6" value=""/>
        <comment number="7" value=""/>
        <comment number="8" value=""/>
        <comment number="9" value=""/>
      </title_block>
    </sheet>
  </design>
  <components>
    <comp ref="C1">
      <value>680μF</value>
      <footprint>Capacitor_THT:CP_Radial_D6.3mm_P2.50mm</footprint>
      <libsource lib="Device" part="C_Polarized" description="Polarized capacitor"/>
      <property name="Sheetname" value=""/>
      <property name="Sheetfile" value="OpenSpritzer2.kicad_sch"/>
      <sheetpath names="/" tstamps="/"/>
      <tstamps>a52d4867-9736-472e-a30c-b768acf4438b</tstamps>
    </comp>
    <comp ref="C2">
      <value>220μF</value>
      <footprint>Capacitor_THT:CP_Radial_D6.3mm_P2.50mm</footprint>
      <libsource lib="Device" part="C_Polarized" description="Polarized capacitor"/>
      <property name="Sheetname" value=""/>
      <property name="Sheetfile" value="OpenSpritzer2.kicad_sch"/>
      <sheetpath names="/" tstamps="/"/>
      <tstamps>ee36323f-a5bc-4cb8-9d28-3704b00e9a66</tstamps>
    </comp>
    <comp ref="D1">
      <value>1N5821</value>
      <footprint>Diode_THT:D_DO-201AD_P15.24mm_Horizontal</footprint>
      <datasheet>http://www.vishay.com/docs/88526/1n5820.pdf</datasheet>
      <libsource lib="Diode" part="1N5821" description="30V 3A Schottky Barrier Rectifier Diode, DO-201AD"/>
      <property name="Sheetname" value=""/>
      <property name="Sheetfile" value="OpenSpritzer2.kicad_sch"/>
      <sheetpath names="/" tstamps="/"/>
      <tstamps>9886d170-900a-492f-bf41-b4f37ef74a32</tstamps>
    </comp>
    <comp ref="D2">
      <value>LED Pedal</value>
      <footprint>LED_THT:LED_D3.0mm</footprint>
      <libsource lib="Device" part="LED" description="Light emitting diode"/>
      <property name="Sheetname" value=""/>
      <property name="Sheetfile" value="OpenSpritzer2.kicad_sch"/>
      <sheetpath names="/" tstamps="/"/>
      <tstamps>4c3b2373-5e35-4047-9002-cb1021b25430</tstamps>
    </comp>
    <comp ref="D3">
      <value>LED TTL</value>
      <footprint>LED_THT:LED_D3.0mm</footprint>
      <libsource lib="Device" part="LED" description="Light emitting diode"/>
      <property name="Sheetname" value=""/>
      <property name="Sheetfile" value="OpenSpritzer2.kicad_sch"/>
      <sheetpath names="/" tstamps="/"/>
      <tstamps>2395990f-609a-47cd-a496-e14d575c6e88</tstamps>
    </comp>
    <comp ref="J1">
      <value>Barrel_Jack</value>
      <footprint>Connector_BarrelJack:BarrelJack_Horizontal</footprint>
      <libsource lib="Connector" part="Barrel_Jack" description="DC Barrel Jack"/>
      <property name="Sheetname" value=""/>
      <property name="Sheetfile" value="OpenSpritzer2.kicad_sch"/>
      <sheetpath names="/" tstamps="/"/>
      <tstamps>4ce9cf81-63ea-4c9e-8e1c-6db9dff96e31</tstamps>
    </comp>
    <comp ref="J2">
      <value>BNC FootPedal</value>
      <footprint>Maxime:BNC_Socket_TYCO-AMP_LargePads</footprint>
      <datasheet> ~</datasheet>
      <libsource lib="Connector" part="Conn_Coaxial" description="coaxial connector (BNC, SMA, SMB, SMC, Cinch/RCA, LEMO, ...)"/>
      <property name="Sheetname" value=""/>
      <property name="Sheetfile" value="OpenSpritzer2.kicad_sch"/>
      <sheetpath names="/" tstamps="/"/>
      <tstamps>b32327ce-3889-4c11-818d-95e4e0878e92</tstamps>
    </comp>
    <comp ref="J3">
      <value>BNC TTL</value>
      <footprint>Maxime:BNC_Socket_TYCO-AMP_LargePads</footprint>
      <datasheet> ~</datasheet>
      <libsource lib="Connector" part="Conn_Coaxial" description="coaxial connector (BNC, SMA, SMB, SMC, Cinch/RCA, LEMO, ...)"/>
      <property name="Sheetname" value=""/>
      <property name="Sheetfile" value="OpenSpritzer2.kicad_sch"/>
      <sheetpath names="/" tstamps="/"/>
      <tstamps>f5f519d5-eeaa-4f2b-bcbe-05dc8dd29b8a</tstamps>
    </comp>
    <comp ref="J4">
      <value>to Solenoid</value>
      <footprint>Connector_JST:JST_XH_B3B-XH-A_1x03_P2.50mm_Vertical</footprint>
      <libsource lib="Connector" part="Conn_01x03_Female" description="Generic connector, single row, 01x03, script generated (kicad-library-utils/schlib/autogen/connector/)"/>
      <property name="Sheetname" value=""/>
      <property name="Sheetfile" value="OpenSpritzer2.kicad_sch"/>
      <sheetpath names="/" tstamps="/"/>
      <tstamps>98e15aa0-7b3a-42cc-b860-a662327a1b98</tstamps>
    </comp>
    <comp ref="L1">
      <value>33μH</value>
      <footprint>Inductor_THT:L_Radial_D6.0mm_P4.00mm</footprint>
      <libsource lib="Device" part="L" description="Inductor"/>
      <property name="Sheetname" value=""/>
      <property name="Sheetfile" value="OpenSpritzer2.kicad_sch"/>
      <sheetpath names="/" tstamps="/"/>
      <tstamps>035befcd-5b87-4e48-af0f-c6a9eb64c005</tstamps>
    </comp>
    <comp ref="R1">
      <value>220Ω</value>
      <footprint>Resistor_THT:R_Axial_DIN0309_L9.0mm_D3.2mm_P15.24mm_Horizontal</footprint>
      <libsource lib="Device" part="R" description="Resistor"/>
      <property name="Sheetname" value=""/>
      <property name="Sheetfile" value="OpenSpritzer2.kicad_sch"/>
      <sheetpath names="/" tstamps="/"/>
      <tstamps>84750e5b-0f91-41ca-bc24-6149ed40acbd</tstamps>
    </comp>
    <comp ref="R2">
      <value>220Ω</value>
      <footprint>Resistor_THT:R_Axial_DIN0309_L9.0mm_D3.2mm_P15.24mm_Horizontal</footprint>
      <libsource lib="Device" part="R" description="Resistor"/>
      <property name="Sheetname" value=""/>
      <property name="Sheetfile" value="OpenSpritzer2.kicad_sch"/>
      <sheetpath names="/" tstamps="/"/>
      <tstamps>f04e9768-9a02-4c90-8045-b4bba11e67db</tstamps>
    </comp>
    <comp ref="R3">
      <value>1kΩ</value>
      <footprint>Resistor_THT:R_Axial_DIN0309_L9.0mm_D3.2mm_P15.24mm_Horizontal</footprint>
      <libsource lib="Device" part="R" description="Resistor"/>
      <property name="Sheetname" value=""/>
      <property name="Sheetfile" value="OpenSpritzer2.kicad_sch"/>
      <sheetpath names="/" tstamps="/"/>
      <tstamps>93227a25-f410-4f98-9cf2-5b80c163cb77</tstamps>
    </comp>
    <comp ref="R4">
      <value>2kΩ</value>
      <footprint>Resistor_THT:R_Axial_DIN0309_L9.0mm_D3.2mm_P15.24mm_Horizontal</footprint>
      <libsource lib="Device" part="R" description="Resistor"/>
      <property name="Sheetname" value=""/>
      <property name="Sheetfile" value="OpenSpritzer2.kicad_sch"/>
      <sheetpath names="/" tstamps="/"/>
      <tstamps>2c35872d-c05b-4c08-a263-48f0a83100b1</tstamps>
    </comp>
    <comp ref="SW1">
      <value>SW_SPST_LED</value>
      <footprint>Connector_JST:JST_XH_B3B-XH-A_1x03_P2.50mm_Vertical</footprint>
      <libsource lib="Switch" part="SW_SPST_LED" description="Single Pole Single Throw (SPST) switch with LED, generic"/>
      <property name="Sheetname" value=""/>
      <property name="Sheetfile" value="OpenSpritzer2.kicad_sch"/>
      <sheetpath names="/" tstamps="/"/>
      <tstamps>630ff69a-a6fa-436e-a735-c1f1b8ae32a6</tstamps>
    </comp>
    <comp ref="SW2">
      <value>SW_Push_DPDT</value>
      <footprint>Maxime:maxi_DPDT_Angled</footprint>
      <libsource lib="Switch" part="SW_Push_DPDT" description="Momentary Switch, dual pole double throw"/>
      <property name="Sheetname" value=""/>
      <property name="Sheetfile" value="OpenSpritzer2.kicad_sch"/>
      <sheetpath names="/" tstamps="/"/>
      <tstamps>9b3bfbfa-7fed-43b7-b693-f01601e50f7e</tstamps>
    </comp>
    <comp ref="SW3">
      <value>RotaryEncoder_Switch</value>
      <footprint>Connector_PinHeader_2.54mm:PinHeader_1x05_P2.54mm_Vertical</footprint>
      <libsource lib="Device" part="RotaryEncoder_Switch" description="Rotary encoder, dual channel, incremental quadrate outputs, with switch"/>
      <property name="Sheetname" value=""/>
      <property name="Sheetfile" value="OpenSpritzer2.kicad_sch"/>
      <sheetpath names="/" tstamps="/"/>
      <tstamps>45836fbc-6a14-467e-a30e-25a5ecf9d27e</tstamps>
    </comp>
    <comp ref="U1">
      <value>ESP32-DEVKITC-32D</value>
      <footprint>Module:MODULE_ESP32-DEVKITC-32D</footprint>
      <fields>
        <field name="MANUFACTURER">Espressif Systems</field>
        <field name="PARTREV">4</field>
      </fields>
      <libsource lib="ESP32-DEVKITC-32D" part="ESP32-DEVKITC-32D" description=""/>
      <property name="PARTREV" value="4"/>
      <property name="MANUFACTURER" value="Espressif Systems"/>
      <property name="Sheetname" value=""/>
      <property name="Sheetfile" value="OpenSpritzer2.kicad_sch"/>
      <sheetpath names="/" tstamps="/"/>
      <tstamps>4a4b712a-28c4-4904-8ecb-19992c7b45bc</tstamps>
    </comp>
    <comp ref="U2">
      <value>LM2596S-12</value>
      <footprint>Package_TO_SOT_SMD:TO-263-5_TabPin3</footprint>
      <datasheet>http://www.ti.com/lit/ds/symlink/lm2596.pdf</datasheet>
      <libsource lib="Regulator_Switching" part="LM2596S-12" description="12V 3A Step-Down Voltage Regulator, TO-263"/>
      <property name="Sheetname" value=""/>
      <property name="Sheetfile" value="OpenSpritzer2.kicad_sch"/>
      <sheetpath names="/" tstamps="/"/>
      <tstamps>a964707e-7864-43e6-841f-27536afbf976</tstamps>
    </comp>
    <comp ref="U3">
      <value>ST7789V Controller</value>
      <footprint>Connector_JST:JST_XH_B8B-XH-A_1x08_P2.50mm_Vertical</footprint>
      <libsource lib="Display_Graphic" part="ST7789V Controller" description="LCD 4x10 character display blue transmissive background, +3.3V VDD, I2C or SPI"/>
      <property name="Sheetname" value=""/>
      <property name="Sheetfile" value="OpenSpritzer2.kicad_sch"/>
      <sheetpath names="/" tstamps="/"/>
      <tstamps>0f416959-ba33-4357-860e-cc757562b728</tstamps>
    </comp>
  </components>
  <libparts>
    <libpart lib="Connector" part="Barrel_Jack">
      <description>DC Barrel Jack</description>
      <docs>~</docs>
      <footprints>
        <fp>BarrelJack*</fp>
      </footprints>
      <fields>
        <field name="Reference">J</field>
        <field name="Value">Barrel_Jack</field>
        <field name="Datasheet">~</field>
      </fields>
      <pins>
        <pin num="1" name="" type="passive"/>
        <pin num="2" name="" type="passive"/>
      </pins>
    </libpart>
    <libpart lib="Connector" part="Conn_01x03_Female">
      <description>Generic connector, single row, 01x03, script generated (kicad-library-utils/schlib/autogen/connector/)</description>
      <docs>~</docs>
      <footprints>
        <fp>Connector*:*_1x??_*</fp>
      </footprints>
      <fields>
        <field name="Reference">J</field>
        <field name="Value">Conn_01x03_Female</field>
        <field name="Datasheet">~</field>
      </fields>
      <pins>
        <pin num="1" name="Pin_1" type="passive"/>
        <pin num="2" name="Pin_2" type="passive"/>
        <pin num="3" name="Pin_3" type="passive"/>
      </pins>
    </libpart>
    <libpart lib="Connector" part="Conn_Coaxial">
      <description>coaxial connector (BNC, SMA, SMB, SMC, Cinch/RCA, LEMO, ...)</description>
      <docs> ~</docs>
      <footprints>
        <fp>*BNC*</fp>
        <fp>*SMA*</fp>
        <fp>*SMB*</fp>
        <fp>*SMC*</fp>
        <fp>*Cinch*</fp>
        <fp>*LEMO*</fp>
      </footprints>
      <fields>
        <field name="Reference">J</field>
        <field name="Value">Conn_Coaxial</field>
        <field name="Datasheet"> ~</field>
      </fields>
      <pins>
        <pin num="1" name="In" type="passive"/>
        <pin num="2" name="Ext" type="passive"/>
      </pins>
    </libpart>
    <libpart lib="Device" part="C_Polarized">
      <description>Polarized capacitor</description>
      <docs>~</docs>
      <footprints>
        <fp>CP_*</fp>
      </footprints>
      <fields>
        <field name="Reference">C</field>
        <field name="Value">C_Polarized</field>
        <field name="Datasheet">~</field>
      </fields>
      <pins>
        <pin num="1" name="" type="passive"/>
        <pin num="2" name="" type="passive"/>
      </pins>
    </libpart>
    <libpart lib="Device" part="L">
      <description>Inductor</description>
      <docs>~</docs>
      <footprints>
        <fp>Choke_*</fp>
        <fp>*Coil*</fp>
        <fp>Inductor_*</fp>
        <fp>L_*</fp>
      </footprints>
      <fields>
        <field name="Reference">L</field>
        <field name="Value">L</field>
        <field name="Datasheet">~</field>
      </fields>
      <pins>
        <pin num="1" name="1" type="passive"/>
        <pin num="2" name="2" type="passive"/>
      </pins>
    </libpart>
    <libpart lib="Device" part="LED">
      <description>Light emitting diode</description>
      <docs>~</docs>
      <footprints>
        <fp>LED*</fp>
        <fp>LED_SMD:*</fp>
        <fp>LED_THT:*</fp>
      </footprints>
      <fields>
        <field name="Reference">D</field>
        <field name="Value">LED</field>
        <field name="Datasheet">~</field>
      </fields>
      <pins>
        <pin num="1" name="K" type="passive"/>
        <pin num="2" name="A" type="passive"/>
      </pins>
    </libpart>
    <libpart lib="Device" part="R">
      <description>Resistor</description>
      <docs>~</docs>
      <footprints>
        <fp>R_*</fp>
      </footprints>
      <fields>
        <field name="Reference">R</field>
        <field name="Value">R</field>
        <field name="Datasheet">~</field>
      </fields>
      <pins>
        <pin num="1" name="" type="passive"/>
        <pin num="2" name="" type="passive"/>
      </pins>
    </libpart>
    <libpart lib="Device" part="RotaryEncoder_Switch">
      <description>Rotary encoder, dual channel, incremental quadrate outputs, with switch</description>
      <docs>~</docs>
      <footprints>
        <fp>RotaryEncoder*Switch*</fp>
      </footprints>
      <fields>
        <field name="Reference">SW</field>
        <field name="Value">RotaryEncoder_Switch</field>
        <field name="Datasheet">~</field>
      </fields>
      <pins>
        <pin num="A" name="A" type="passive"/>
        <pin num="B" name="B" type="passive"/>
        <pin num="C" name="C" type="passive"/>
        <pin num="S1" name="S1" type="passive"/>
        <pin num="S2" name="S2" type="passive"/>
      </pins>
    </libpart>
    <libpart lib="Diode" part="1N5821">
      <description>30V 3A Schottky Barrier Rectifier Diode, DO-201AD</description>
      <docs>http://www.vishay.com/docs/88526/1n5820.pdf</docs>
      <footprints>
        <fp>D*DO?201AD*</fp>
      </footprints>
      <fields>
        <field name="Reference">D</field>
        <field name="Value">1N5821</field>
        <field name="Footprint">Diode_THT:D_DO-201AD_P15.24mm_Horizontal</field>
        <field name="Datasheet">http://www.vishay.com/docs/88526/1n5820.pdf</field>
      </fields>
      <pins>
        <pin num="1" name="K" type="passive"/>
        <pin num="2" name="A" type="passive"/>
      </pins>
    </libpart>
    <libpart lib="Display_Graphic" part="ST7789V Controller">
      <description>LCD 4x10 character display blue transmissive background, +3.3V VDD, I2C or SPI</description>
      <footprints>
        <fp>*EA*DOGS104*</fp>
      </footprints>
      <fields>
        <field name="Reference">U?</field>
        <field name="Value">ST7789V Controller</field>
        <field name="Footprint">Display: ST7789V</field>
      </fields>
      <pins>
        <pin num="1" name="VCC" type="power_in"/>
        <pin num="2" name="GND" type="power_in"/>
        <pin num="3" name="DIN" type="input"/>
        <pin num="4" name="CLK" type="input"/>
        <pin num="5" name="CS" type="input"/>
        <pin num="6" name="DC" type="input"/>
        <pin num="7" name="RST" type="input"/>
        <pin num="8" name="BL" type="input"/>
      </pins>
    </libpart>
    <libpart lib="ESP32-DEVKITC-32D" part="ESP32-DEVKITC-32D">
      <fields>
        <field name="Reference">U</field>
        <field name="Value">ESP32-DEVKITC-32D</field>
        <field name="Footprint">MODULE_ESP32-DEVKITC-32D</field>
        <field name="PARTREV">4</field>
        <field name="MANUFACTURER">Espressif Systems</field>
      </fields>
      <pins>
        <pin num="1" name="3V3" type="power_in"/>
        <pin num="2" name="EN" type="input"/>
        <pin num="3" name="SENSOR_VP" type="input"/>
        <pin num="4" name="SENSOR_VN" type="input"/>
        <pin num="5" name="IO34" type="bidirectional"/>
        <pin num="6" name="IO35" type="bidirectional"/>
        <pin num="7" name="IO32" type="bidirectional"/>
        <pin num="8" name="IO33" type="bidirectional"/>
        <pin num="9" name="IO25" type="bidirectional"/>
        <pin num="10" name="IO26" type="bidirectional"/>
        <pin num="11" name="IO27" type="bidirectional"/>
        <pin num="12" name="IO14" type="bidirectional"/>
        <pin num="13" name="IO12" type="bidirectional"/>
        <pin num="14" name="GND1" type="power_in"/>
        <pin num="15" name="IO13" type="bidirectional"/>
        <pin num="16" name="SD2" type="bidirectional"/>
        <pin num="17" name="SD3" type="bidirectional"/>
        <pin num="18" name="CMD" type="bidirectional"/>
        <pin num="19" name="EXT_5V" type="power_in"/>
        <pin num="20" name="GND3" type="power_in"/>
        <pin num="21" name="IO23" type="bidirectional"/>
        <pin num="22" name="IO22" type="bidirectional"/>
        <pin num="23" name="TXD0" type="output"/>
        <pin num="24" name="RXD0" type="input"/>
        <pin num="25" name="IO21" type="bidirectional"/>
        <pin num="26" name="GND2" type="power_in"/>
        <pin num="27" name="IO19" type="bidirectional"/>
        <pin num="28" name="IO18" type="bidirectional"/>
        <pin num="29" name="IO5" type="bidirectional"/>
        <pin num="30" name="IO17" type="bidirectional"/>
        <pin num="31" name="IO16" type="bidirectional"/>
        <pin num="32" name="IO4" type="bidirectional"/>
        <pin num="33" name="IO0" type="bidirectional"/>
        <pin num="34" name="IO2" type="bidirectional"/>
        <pin num="35" name="IO15" type="bidirectional"/>
        <pin num="36" name="SD1" type="bidirectional"/>
        <pin num="37" name="SD0" type="bidirectional"/>
        <pin num="38" name="CLK" type="input"/>
      </pins>
    </libpart>
    <libpart lib="Regulator_Switching" part="LM2596S-12">
      <description>12V 3A Step-Down Voltage Regulator, TO-263</description>
      <docs>http://www.ti.com/lit/ds/symlink/lm2596.pdf</docs>
      <footprints>
        <fp>TO?263*</fp>
      </footprints>
      <fields>
        <field name="Reference">U</field>
        <field name="Value">LM2596S-12</field>
        <field name="Footprint">Package_TO_SOT_SMD:TO-263-5_TabPin3</field>
        <field name="Datasheet">http://www.ti.com/lit/ds/symlink/lm2596.pdf</field>
      </fields>
      <pins>
        <pin num="1" name="VIN" type="power_in"/>
        <pin num="2" name="OUT" type="output"/>
        <pin num="3" name="GND" type="power_in"/>
        <pin num="4" name="FB" type="input"/>
        <pin num="5" name="~{ON}/OFF" type="input"/>
      </pins>
    </libpart>
    <libpart lib="Switch" part="SW_Push_DPDT">
      <description>Momentary Switch, dual pole double throw</description>
      <docs>~</docs>
      <fields>
        <field name="Reference">SW</field>
        <field name="Value">SW_Push_DPDT</field>
        <field name="Datasheet">~</field>
      </fields>
      <pins>
        <pin num="1" name="A" type="passive"/>
        <pin num="2" name="B" type="passive"/>
        <pin num="3" name="C" type="passive"/>
        <pin num="4" name="A" type="passive"/>
        <pin num="5" name="B" type="passive"/>
        <pin num="6" name="C" type="passive"/>
      </pins>
    </libpart>
    <libpart lib="Switch" part="SW_SPST_LED">
      <description>Single Pole Single Throw (SPST) switch with LED, generic</description>
      <docs>~</docs>
      <fields>
        <field name="Reference">SW</field>
        <field name="Value">SW_SPST_LED</field>
        <field name="Datasheet">~</field>
      </fields>
      <pins>
        <pin num="1" name="1" type="passive"/>
        <pin num="2" name="2" type="passive"/>
        <pin num="3" name="K" type="passive"/>
        <pin num="4" name="A" type="passive"/>
      </pins>
    </libpart>
  </libparts>
  <libraries>
    <library logical="Connector">
      <uri>C:\Program Files\KiCad\6.0\share\kicad\symbols\/Connector.kicad_sym</uri>
    </library>
    <library logical="Device">
      <uri>C:\Program Files\KiCad\6.0\share\kicad\symbols\/Device.kicad_sym</uri>
    </library>
    <library logical="Diode">
      <uri>C:\Program Files\KiCad\6.0\share\kicad\symbols\/Diode.kicad_sym</uri>
    </library>
    <library logical="Display_Graphic">
      <uri>C:\Program Files\KiCad\6.0\share\kicad\symbols\/Display_Graphic.kicad_sym</uri>
    </library>
    <library logical="ESP32-DEVKITC-32D">
      <uri>C:/Users/mzimm/Desktop/ESP/ESP32-DEVKITC-32D.lib</uri>
    </library>
    <library logical="Regulator_Switching">
      <uri>C:\Program Files\KiCad\6.0\share\kicad\symbols\/Regulator_Switching.kicad_sym</uri>
    </library>
    <library logical="Switch">
      <uri>C:\Program Files\KiCad\6.0\share\kicad\symbols\/Switch.kicad_sym</uri>
    </library>
  </libraries>
  <nets>
    <net code="1" name="3.3V">
      <node ref="SW3" pin="S1" pinfunction="S1" pintype="passive"/>
      <node ref="U1" pin="1" pinfunction="3V3" pintype="power_in"/>
      <node ref="U3" pin="1" pinfunction="VCC" pintype="power_in"/>
    </net>
    <net code="2" name="GNDREF">
      <node ref="C1" pin="2" pintype="passive"/>
      <node ref="C2" pin="2" pintype="passive"/>
      <node ref="D1" pin="2" pinfunction="A" pintype="passive"/>
      <node ref="D2" pin="1" pinfunction="K" pintype="passive"/>
      <node ref="D3" pin="1" pinfunction="K" pintype="passive"/>
      <node ref="J1" pin="2" pintype="passive"/>
      <node ref="J2" pin="2" pinfunction="Ext" pintype="passive"/>
      <node ref="J3" pin="2" pinfunction="Ext" pintype="passive"/>
      <node ref="J4" pin="1" pinfunction="Pin_1" pintype="passive"/>
      <node ref="R4" pin="1" pintype="passive"/>
      <node ref="SW1" pin="3" pinfunction="K" pintype="passive"/>
      <node ref="SW3" pin="S2" pinfunction="S2" pintype="passive"/>
      <node ref="U1" pin="14" pinfunction="GND1" pintype="power_in"/>
      <node ref="U1" pin="20" pinfunction="GND3" pintype="power_in"/>
      <node ref="U1" pin="26" pinfunction="GND2" pintype="power_in"/>
      <node ref="U2" pin="3" pinfunction="GND" pintype="power_in"/>
      <node ref="U2" pin="5" pinfunction="~{ON}/OFF" pintype="input"/>
      <node ref="U3" pin="2" pinfunction="GND" pintype="power_in"/>
    </net>
    <net code="3" name="GPIO0">
      <node ref="U1" pin="33" pinfunction="IO0" pintype="bidirectional"/>
      <node ref="U3" pin="7" pinfunction="RST" pintype="input"/>
    </net>
    <net code="4" name="GPIO2">
      <node ref="U1" pin="34" pinfunction="IO2" pintype="bidirectional"/>
      <node ref="U3" pin="8" pinfunction="BL" pintype="input"/>
    </net>
    <net code="5" name="GPIO4">
      <node ref="U1" pin="32" pinfunction="IO4" pintype="bidirectional"/>
      <node ref="U3" pin="6" pinfunction="DC" pintype="input"/>
    </net>
    <net code="6" name="GPIO5">
      <node ref="U1" pin="29" pinfunction="IO5" pintype="bidirectional"/>
      <node ref="U3" pin="5" pinfunction="CS" pintype="input"/>
    </net>
    <net code="7" name="GPIO12">
      <node ref="SW3" pin="B" pinfunction="B" pintype="passive"/>
      <node ref="U1" pin="13" pinfunction="IO12" pintype="bidirectional"/>
    </net>
    <net code="8" name="GPIO14">
      <node ref="SW3" pin="C" pinfunction="C" pintype="passive"/>
      <node ref="U1" pin="12" pinfunction="IO14" pintype="bidirectional"/>
    </net>
    <net code="9" name="GPIO18">
      <node ref="U1" pin="28" pinfunction="IO18" pintype="bidirectional"/>
      <node ref="U3" pin="4" pinfunction="CLK" pintype="input"/>
    </net>
    <net code="10" name="GPIO23">
      <node ref="U1" pin="21" pinfunction="IO23" pintype="bidirectional"/>
      <node ref="U3" pin="3" pinfunction="DIN" pintype="input"/>
    </net>
    <net code="11" name="GPIO27">
      <node ref="SW3" pin="A" pinfunction="A" pintype="passive"/>
      <node ref="U1" pin="11" pinfunction="IO27" pintype="bidirectional"/>
    </net>
    <net code="12" name="GPIO34">
      <node ref="R3" pin="2" pintype="passive"/>
      <node ref="R4" pin="2" pintype="passive"/>
      <node ref="U1" pin="5" pinfunction="IO34" pintype="bidirectional"/>
    </net>
    <net code="13" name="GPIO35">
      <node ref="J4" pin="3" pinfunction="Pin_3" pintype="passive"/>
      <node ref="U1" pin="6" pinfunction="IO35" pintype="bidirectional"/>
    </net>
    <net code="14" name="Net-(D1-Pad1)">
      <node ref="D1" pin="1" pinfunction="K" pintype="passive"/>
      <node ref="L1" pin="1" pinfunction="1" pintype="passive"/>
      <node ref="U2" pin="2" pinfunction="OUT" pintype="output"/>
    </net>
    <net code="15" name="Net-(D2-Pad2)">
      <node ref="D2" pin="2" pinfunction="A" pintype="passive"/>
      <node ref="R1" pin="1" pintype="passive"/>
    </net>
    <net code="16" name="Net-(D3-Pad2)">
      <node ref="D3" pin="2" pinfunction="A" pintype="passive"/>
      <node ref="R2" pin="1" pintype="passive"/>
    </net>
    <net code="17" name="Net-(J1-Pad1)">
      <node ref="J1" pin="1" pintype="passive"/>
      <node ref="SW1" pin="1" pinfunction="1" pintype="passive"/>
    </net>
    <net code="18" name="Net-(J2-Pad1)">
      <node ref="J2" pin="1" pinfunction="In" pintype="passive"/>
      <node ref="SW2" pin="4" pinfunction="A" pintype="passive"/>
    </net>
    <net code="19" name="Net-(J3-Pad1)">
      <node ref="J3" pin="1" pinfunction="In" pintype="passive"/>
      <node ref="SW2" pin="6" pinfunction="C" pintype="passive"/>
    </net>
    <net code="20" name="Net-(R1-Pad2)">
      <node ref="R1" pin="2" pintype="passive"/>
      <node ref="SW2" pin="1" pinfunction="A" pintype="passive"/>
    </net>
    <net code="21" name="Net-(R2-Pad2)">
      <node ref="R2" pin="2" pintype="passive"/>
      <node ref="SW2" pin="3" pinfunction="C" pintype="passive"/>
    </net>
    <net code="22" name="Net-(R3-Pad1)">
      <node ref="R3" pin="1" pintype="passive"/>
      <node ref="SW2" pin="5" pinfunction="B" pintype="passive"/>
    </net>
    <net code="23" name="VCC 5V">
      <node ref="C2" pin="1" pintype="passive"/>
      <node ref="L1" pin="2" pinfunction="2" pintype="passive"/>
      <node ref="SW2" pin="2" pinfunction="B" pintype="passive"/>
      <node ref="U1" pin="19" pinfunction="EXT_5V" pintype="power_in"/>
      <node ref="U2" pin="4" pinfunction="FB" pintype="input"/>
    </net>
    <net code="24" name="Vin 24V">
      <node ref="C1" pin="1" pintype="passive"/>
      <node ref="J4" pin="2" pinfunction="Pin_2" pintype="passive"/>
      <node ref="SW1" pin="2" pinfunction="2" pintype="passive"/>
      <node ref="SW1" pin="4" pinfunction="A" pintype="passive"/>
      <node ref="U2" pin="1" pinfunction="VIN" pintype="power_in"/>
    </net>
    <net code="25" name="unconnected-(U1-Pad2)">
      <node ref="U1" pin="2" pinfunction="EN" pintype="input"/>
    </net>
    <net code="26" name="unconnected-(U1-Pad3)">
      <node ref="U1" pin="3" pinfunction="SENSOR_VP" pintype="input"/>
    </net>
    <net code="27" name="unconnected-(U1-Pad4)">
      <node ref="U1" pin="4" pinfunction="SENSOR_VN" pintype="input"/>
    </net>
    <net code="28" name="unconnected-(U1-Pad7)">
      <node ref="U1" pin="7" pinfunction="IO32" pintype="bidirectional"/>
    </net>
    <net code="29" name="unconnected-(U1-Pad8)">
      <node ref="U1" pin="8" pinfunction="IO33" pintype="bidirectional"/>
    </net>
    <net code="30" name="unconnected-(U1-Pad9)">
      <node ref="U1" pin="9" pinfunction="IO25" pintype="bidirectional"/>
    </net>
    <net code="31" name="unconnected-(U1-Pad10)">
      <node ref="U1" pin="10" pinfunction="IO26" pintype="bidirectional"/>
    </net>
    <net code="32" name="unconnected-(U1-Pad15)">
      <node ref="U1" pin="15" pinfunction="IO13" pintype="bidirectional"/>
    </net>
    <net code="33" name="unconnected-(U1-Pad16)">
      <node ref="U1" pin="16" pinfunction="SD2" pintype="bidirectional"/>
    </net>
    <net code="34" name="unconnected-(U1-Pad17)">
      <node ref="U1" pin="17" pinfunction="SD3" pintype="bidirectional"/>
    </net>
    <net code="35" name="unconnected-(U1-Pad18)">
      <node ref="U1" pin="18" pinfunction="CMD" pintype="bidirectional"/>
    </net>
    <net code="36" name="unconnected-(U1-Pad22)">
      <node ref="U1" pin="22" pinfunction="IO22" pintype="bidirectional"/>
    </net>
    <net code="37" name="unconnected-(U1-Pad23)">
      <node ref="U1" pin="23" pinfunction="TXD0" pintype="output"/>
    </net>
    <net code="38" name="unconnected-(U1-Pad24)">
      <node ref="U1" pin="24" pinfunction="RXD0" pintype="input"/>
    </net>
    <net code="39" name="unconnected-(U1-Pad25)">
      <node ref="U1" pin="25" pinfunction="IO21" pintype="bidirectional"/>
    </net>
    <net code="40" name="unconnected-(U1-Pad27)">
      <node ref="U1" pin="27" pinfunction="IO19" pintype="bidirectional"/>
    </net>
    <net code="41" name="unconnected-(U1-Pad30)">
      <node ref="U1" pin="30" pinfunction="IO17" pintype="bidirectional"/>
    </net>
    <net code="42" name="unconnected-(U1-Pad31)">
      <node ref="U1" pin="31" pinfunction="IO16" pintype="bidirectional"/>
    </net>
    <net code="43" name="unconnected-(U1-Pad35)">
      <node ref="U1" pin="35" pinfunction="IO15" pintype="bidirectional"/>
    </net>
    <net code="44" name="unconnected-(U1-Pad36)">
      <node ref="U1" pin="36" pinfunction="SD1" pintype="bidirectional"/>
    </net>
    <net code="45" name="unconnected-(U1-Pad37)">
      <node ref="U1" pin="37" pinfunction="SD0" pintype="bidirectional"/>
    </net>
    <net code="46" name="unconnected-(U1-Pad38)">
      <node ref="U1" pin="38" pinfunction="CLK" pintype="input"/>
    </net>
  </nets>
</export>
